{
  "name": "Firebase Arduino Client Library for ESP8266 and ESP32",
  "version": "2.2.4",
  "keywords": "communication, REST, esp32, esp8266, arduino",
  "description": "This client library provides the functions to work with Firebase Realtime database, Firestore, Storage and Cloud messaging.",
  "repository": {
    "type": "git",
    "url": "https://github.com/mobizt/Firebase-ESP-Client.git"
  },
  "authors": [{
    "name": "Mobizt",
    "email": "k_suwatchai@hotmail.com"
  }],
  "frameworks": "arduino",
  "platforms": "espressif32, espressif8266"
}
